"first_name","last_name","hire_date"
"Xudong","Samarati","1985-11-13"
"Roddy","Karnin","1985-05-29"
"Feixiong","Poujol","1985-05-11"
"Wonhee","Talmon","1985-03-20"
"Owen","Hiraishi","1985-08-07"
"Gad","Nollmann","1985-10-01"
"Yannik","Krybus","1985-10-20"
"Huiqun","Rattan","1985-03-23"
"Martins","Schaft","1985-03-27"
"Boriana","Maginnis","1985-11-09"
"Mona","Uhrig","1985-10-13"
"Uzi","Poehlman","1985-07-13"
"Bodh","Baez","1985-04-28"
"Renee","Milicia","1985-07-30"
"Shaleah","Wallrath","1985-03-25"
"Xuejun","Luiz","1985-02-17"
"Boriana","Roisin","1985-03-26"
"Stella","Dayang","1985-03-17"
"Rasiah","Smeets","1985-04-28"
"Conal","Wilfing","1985-09-18"
"Jeanna","Francisci","1985-08-21"
"Gladys","Randt","1985-10-15"
"Fun","Varman","1985-02-24"
"Shigehiro","Trogemann","1985-10-28"
"Nidapan","Braunmuhl","1985-10-14"
"JoAnne","Anido","1985-03-05"
"Van","Miara","1985-06-20"
"Honesty","Schrooten","1985-08-24"
"Aleksandar","Tibblin","1985-03-13"
"Hidde","Morton","1985-08-11"
"Constantijn","Penz","1985-03-19"
"Chrisa","Demizu","1985-06-03"
"Satyanarayana","Garigliano","1985-04-25"
"Morrie","Stille","1985-11-28"
"Kokou","Genther","1985-05-28"
"Rasiah","Billawala","1985-09-18"
"Yoshinari","Schmittgen","1985-08-01"
"Danel","Bellmore","1985-02-08"
"Malu","Fargier","1985-02-10"
"Nakhoon","Nastansky","1985-03-10"
"Margareta","Strandh","1985-12-24"
"Masali","Trogemann","1985-02-13"
"Akemi","Rajaraman","1985-11-13"
"Pranav","Christianini","1985-02-24"
"Shigenori","Stentiford","1985-10-31"
"Rosella","Leivant","1985-10-16"
"Kersti","Broomell","1985-04-11"
"Jaideep","Bultermann","1985-10-06"
"Miomir","Olano","1985-06-17"
"Dzung","Kulisch","1985-06-21"
"Denny","Kulisch","1985-03-23"
"Fatemeh","Lakshmanan","1985-02-03"
"Yagil","Pettey","1985-11-01"
"Arto","Kawashimo","1985-02-23"
"Percy","Goldhammer","1985-06-05"
"Yaghout","Puppo","1985-09-24"
"Chenye","Stafford","1985-08-21"
"Jongsuk","Stifter","1985-05-30"
"Sudharsan","Streit","1985-06-23"
"Tadahiko","Worfolk","1985-08-12"
"Marie","Lores","1985-04-21"
"Torsten","Christianini","1985-03-01"
"Shuky","Dehkordi","1985-05-27"
"Denny","Ellozy","1985-10-24"
"Phillip","Erdmenger","1985-03-04"
"Ymte","Chiodo","1985-04-26"
"Franziska","Colorni","1985-06-16"
"Kellie","Heinisuo","1985-06-06"
"Nectarios","Basagni","1985-03-15"
"Oscar","Schrooten","1985-12-25"
"Ortrud","Menyhert","1985-06-25"
"Phillip","Bernardinello","1985-07-22"
"Wayne","Miara","1985-08-20"
"Kiyotoshi","Gill","1985-08-21"
"Dante","Porotnikoff","1985-03-16"
"Gou","Thorelli","1985-03-28"
"Kristina","Conte","1985-08-15"
"Kish","Larfeldt","1985-09-23"
"Hiroyasu","Stasinski","1985-09-18"
"Yakkov","Baalen","1985-11-07"
"Shahar","Camarinopoulos","1985-09-22"
"Volkmar","Levasseur","1985-04-06"
"Keung","Taubenfeld","1985-09-24"
"Ashish","Rubsam","1985-06-29"
"Arlette","Armand","1985-02-20"
"Chanjung","Ebeling","1985-05-12"
"Bouchung","Kinley","1985-08-12"
"Harngdar","Piancastelli","1985-09-08"
"Gal","Homond","1985-04-05"
"Sreekrishna","Servieres","1985-05-13"
"Taegyun","Conte","1985-09-11"
"Jaideep","Beznosov","1985-08-25"
"Masoud","Billingsley","1985-12-22"
"Perla","Kushner","1985-05-13"
"Toshimori","Fontan","1985-02-18"
"Jaques","Ramras","1985-07-28"
"Valery","Iwayama","1985-11-28"
"Weiyi","Aamodt","1985-06-24"
"Moti","Conia","1985-07-24"
"Roddy","Busillo","1985-04-21"
"Abdelkader","Akaboshi","1985-10-01"
"Masato","Baranowski","1985-05-25"
"Abdulah","Kopetz","1985-06-03"
"Eishiro","Attimonelli","1985-08-01"
"Vidya","Boguraev","1985-11-09"
"JoAnne","Maccarone","1985-10-03"
"Hitomi","Decaestecker","1985-09-20"
"Chiranjit","Simmel","1985-11-19"
"Constantijn","Dahlbom","1985-03-25"
"Pramod","Dusink","1985-08-25"
"Frederique","Madeira","1985-05-05"
"Arch","Mungall","1985-12-03"
"Giri","Isaak","1985-12-15"
"Ulises","Masamoto","1985-07-02"
"Herbert","Lagarias","1985-10-23"
"Vishu","Falby","1985-09-23"
"Masoud","Waschkowski","1985-06-07"
"Ortrud","Vrecion","1985-05-30"
"Xiaoqiu","Salverda","1985-09-29"
"Mang","Codenie","1985-06-04"
"Tran","Rosis","1985-05-08"
"Shiv","Szmurlo","1985-10-05"
"Bilhanan","Alencar","1985-07-04"
"Aamod","Terlouw","1985-12-04"
"Mabry","Jumpertz","1985-09-17"
"Tua","Auria","1985-10-03"
"Kiyokazu","Demizu","1985-06-16"
"Tommaso","Hooghiemstra","1985-10-16"
"Chenxi","Hofstetter","1985-11-19"
"Pramod","Herath","1985-07-02"
"Jiann","Wielonsky","1985-12-06"
"Armond","Vidal","1985-07-07"
"Mart","Farris","1985-07-05"
"Tze","Stenning","1985-05-13"
"Vatsa","Garnier","1985-06-03"
"Leah","Terekhov","1985-02-05"
"Bogdan","Michaels","1985-08-05"
"Magdalena","Bernini","1985-07-03"
"Hairong","Bondorf","1985-03-11"
"Neelam","Heiserman","1985-06-14"
"Pramod","Goldhammer","1985-03-17"
"Shichao","Herber","1985-02-05"
"Yoshinari","Maraist","1985-02-07"
"Abdelghani","Clouatre","1985-03-15"
"Zhigen","Baer","1985-12-09"
"Yongmin","Leuchs","1985-11-04"
"Shuzo","Avouris","1985-09-06"
"Lene","Kitai","1985-04-22"
"Lenore","Perly","1985-10-31"
"Hsiangchu","Pehl","1985-11-24"
"Arvind","Waeselynck","1985-11-07"
"Becky","Jakobus","1985-03-24"
"Barry","Fritzsche","1985-07-04"
"Flemming","Vilarrasa","1985-06-10"
"Pascal","Welham","1985-07-01"
"Hilary","Makrucki","1985-03-21"
"Yuuichi","Reinhard","1985-09-17"
"Ramalingam","Benaini","1985-08-08"
"Honglan","Homond","1985-07-22"
"Vivian","Broomell","1985-07-16"
"Remko","Homond","1985-06-13"
"Annemarie","Sidje","1985-04-14"
"Takahito","Soicher","1985-03-27"
"Mountaz","Erol","1985-09-15"
"Duangkaew","DeMori","1985-06-12"
"Paris","Choobineh","1985-07-04"
"Poornachandra","Templeman","1985-02-19"
"Chiradeep","Zhiwei","1985-07-02"
"Mats","Rouquie","1985-08-18"
"Kitty","Sadowsky","1985-03-21"
"Uli","Schach","1985-06-30"
"Gianluca","Demir","1985-07-01"
"Nevio","Mellouli","1985-03-20"
"Zejun","Conti","1985-11-14"
"Sachem","Ghalwash","1985-04-02"
"Satosi","Preusig","1985-08-23"
"Atilio","Piveteau","1985-08-30"
"Rayond","Babb","1985-05-11"
"Tadahiro","Silva","1985-08-02"
"Rafael","Kirkerud","1985-03-13"
"Denis","Berendt","1985-10-11"
"Randi","Carrera","1985-06-25"
"Sanjeeva","Farrag","1985-08-07"
"Kristin","Baek","1985-09-15"
"Arno","Gide","1985-08-14"
"Maik","Landherr","1985-03-06"
"Jaana","Hardjono","1985-09-25"
"Phillip","Compeau","1985-09-21"
"Xuedong","Ligten","1985-04-13"
"Bedir","Demke","1985-07-10"
"Arlette","Billingsley","1985-10-03"
"Roselyn","Picel","1985-06-20"
"Arif","Rajala","1985-03-30"
"Gaurav","Lindenbaum","1985-10-08"
"Hugh","Hanratty","1985-02-04"
"Hilari","Lung","1985-09-07"
"Basant","Perfilyeva","1985-10-25"
"Genevieve","Bojadziev","1985-12-27"
"Nahid","VanScheik","1985-12-23"
"Kasturi","Gargeya","1985-04-03"
"Giao","Monkewich","1985-07-28"
"Duangkaew","Socorro","1985-04-22"
"Shan","Baek","1985-02-12"
"Kwangjo","Winter","1985-04-10"
"Yechezkel","Pettis","1985-11-22"
"Mountaz","Shimshoni","1985-11-23"
"Mihalis","Dredge","1985-12-24"
"Billur","Heuter","1985-03-10"
"Pradeep","Unni","1985-09-24"
"Danny","Kieras","1985-09-07"
"Munehiro","Jervis","1985-10-20"
"Giordano","Heijenga","1985-04-12"
"Moheb","Mitsuhashi","1985-02-25"
"Yinlin","Papsdorf","1985-11-01"
"Chikara","Cardazo","1985-02-08"
"Ashish","Broomell","1985-02-16"
"Lakshmi","Walstra","1985-05-10"
"Saniya","Tomescu","1985-02-11"
"Khaled","Tanemo","1985-06-05"
"Marit","Brodie","1985-02-26"
"Izaskun","Haldar","1985-09-08"
"Prasadram","Cincotta","1985-03-29"
"Subbu","Wissmann","1985-07-28"
"Muneo","Verhoeff","1985-11-12"
"Dietrich","Oskamp","1985-10-29"
"Shao","Desikan","1985-02-10"
"Ger","Oehlmann","1985-10-15"
"Mart","Chinen","1985-10-04"
"Percy","Dichev","1985-02-10"
"Randi","Vandervoorde","1985-11-07"
"Aloys","Speek","1985-06-03"
"Remko","Zeidenstein","1985-06-04"
"Harjit","Pettey","1985-07-04"
"Odoardo","Rebaine","1985-11-13"
"Ger","Bresenham","1985-10-14"
"Hausi","Worfolk","1985-09-22"
"Limsoon","Macedo","1985-02-02"
"Willard","Rosin","1985-06-26"
"Menkae","Bakhtari","1985-12-17"
"Chikako","Emiris","1985-05-23"
"Lakshmi","Kolinko","1985-08-11"
"Nevin","Zwicker","1985-10-16"
"Oldrich","Uhrig","1985-08-25"
"Youssef","Negoita","1985-08-24"
"TRUE","Hofstetter","1985-09-07"
"Collette","Georg","1985-11-22"
"Karsten","Suwa","1985-04-20"
"Fatemeh","Raczkowsky","1985-03-11"
"Murthy","Kusakari","1985-06-22"
"Khedija","Lunn","1985-07-06"
"Dinkar","Bage","1985-07-26"
"Chinya","Lortz","1985-12-02"
"JoAnne","Sessa","1985-07-26"
"Lunjin","Dusink","1985-08-11"
"Kwan","Krupka","1985-12-24"
"Xiaoheng","Sury","1985-02-27"
"Uno","Laventhal","1985-12-16"
"Rosalie","Guardalben","1985-05-27"
"Lobel","Copas","1985-11-14"
"Subhrajyoti","Bernick","1985-08-01"
"Feipei","Birta","1985-12-05"
"Miyeon","Perko","1985-03-11"
"Sampalli","Genther","1985-09-13"
"Weiru","Swick","1985-05-26"
"Kristen","Acton","1985-03-08"
"Gaurav","Anily","1985-09-21"
"Pragnesh","Orlowska","1985-02-06"
"Gudjon","Smailagic","1985-03-11"
"Martins","Pell","1985-10-28"
"Mihalis","Birrer","1985-10-10"
"Shaleah","Shanbhogue","1985-04-05"
"Dekang","Shiratori","1985-09-22"
"Abdelwaheb","Farrag","1985-08-09"
"Pramod","Cesareni","1985-04-07"
"Fumitaka","Leijenhorst","1985-12-20"
"Sandeepan","Mandell","1985-09-07"
"Giap","Zizka","1985-07-12"
"Nathan","Danner","1985-09-10"
"Chikako","Jiang","1985-08-09"
"Sakthirel","Barbanera","1985-02-20"
"Zongyan","Merey","1985-11-15"
"Munir","Riexinger","1985-03-03"
"Steen","Provine","1985-07-15"
"Jianhao","Zwicker","1985-04-23"
"Nirmal","Pearson","1985-03-25"
"Somnath","Sidhu","1985-11-03"
"Jasminko","Peir","1985-02-28"
"Jixiang","Angelov","1985-06-14"
"Guttorm","Baer","1985-07-30"
"Souichi","Munke","1985-05-03"
"Rimon","Coors","1985-06-05"
"Lihong","Detkin","1985-05-24"
"Remmert","Nitto","1985-05-14"
"Sadok","Millington","1985-07-19"
"Perry","Kawashima","1985-03-28"
"Arup","Kitai","1985-03-10"
"Houman","Condotta","1985-10-08"
"Shai","Steinauer","1985-12-02"
"Jaihie","Cairo","1985-12-16"
"Xiaoqiu","Swen","1985-11-29"
"Udaiprakash","Passino","1985-04-08"
"Shaz","Matzov","1985-11-22"
"Rajmohan","Fontet","1985-10-07"
"Conrado","Demri","1985-08-29"
"Masali","Etalle","1985-02-08"
"Zhanqiu","Tsunoo","1985-05-28"
"Valeri","Compeau","1985-02-07"
"Xinyu","Kroll","1985-05-03"
"Navid","Kornatzky","1985-03-23"
"Fayez","Vandervoorde","1985-04-13"
"Tsutomu","Stifter","1985-04-12"
"Hugo","Tsukune","1985-05-11"
"Ottavia","Erni","1985-04-17"
"Gad","Isaak","1985-02-24"
"Shih","Brookman","1985-11-02"
"Murthy","Couchot","1985-09-18"
"Itzchak","Uhrig","1985-07-21"
"Mario","Neiman","1985-03-25"
"Danai","Yeung","1985-12-31"
"Maja","Oppitz","1985-11-05"
"Uta","Peak","1985-10-11"
"Selwyn","Menhoudj","1985-03-26"
"Arne","Krohn","1985-07-09"
"Satoru","Champarnaud","1985-11-12"
"Dekang","Sridhar","1985-03-09"
"Jongsuk","Thisen","1985-12-14"
"Steve","Sidhu","1985-04-28"
"Berhard","Nishimukai","1985-03-20"
"Qiwen","Morrin","1985-05-02"
"Youngkon","Oskamp","1985-07-30"
"Mohammad","Osgood","1985-09-21"
"Baoqiu","Conti","1985-03-16"
"Zongyan","Diderrich","1985-08-10"
"Demin","Dratva","1985-10-12"
"Chenyi","Binding","1985-07-14"
"Munehiro","Vakili","1985-08-02"
"Arlette","Bierbaum","1985-09-16"
"Khatoun","Laurillard","1985-02-21"
"Duke","Worfolk","1985-02-05"
"Laurentiu","Pillow","1985-02-15"
"Giap","Pettey","1985-09-16"
"Yinlin","Flowers","1985-09-05"
"Dannz","Farrow","1985-08-23"
"Itzchak","Ellozy","1985-09-10"
"Evgueni","Salverda","1985-08-03"
"Valery","Ramras","1985-12-06"
"Chuanti","Comte","1985-11-21"
"Shuky","Hiltgen","1985-10-04"
"Becky","Sidhu","1985-07-03"
"Prodip","Basawa","1985-07-30"
"Idoia","Maksimenko","1985-09-07"
"Masaru","Baezner","1985-05-26"
"Rafols","Anily","1985-10-31"
"Ayonca","Salinas","1985-07-01"
"Miquel","Polupanov","1985-03-17"
"Jouni","Pocchiola","1985-03-10"
"Chriss","Eiter","1985-03-23"
"Diederik","Geffroy","1985-09-27"
"Ulf","Mullainathan","1985-11-17"
"Alejandro","Busillo","1985-04-07"
"Mayuri","Staylopatis","1985-07-05"
"Boutros","Benveniste","1985-04-24"
"Arup","Suessmith","1985-08-16"
"Tokuyasu","Emden","1985-12-13"
"Pasqua","Ranst","1985-04-10"
"Shai","Butterworth","1985-11-15"
"Macha","Crelier","1985-06-24"
"Jaques","Navazio","1985-11-22"
"Mori","Asser","1985-02-02"
"Herbert","Benaini","1985-10-18"
"Yifei","Pepe","1985-02-27"
"Yinlin","Kamble","1985-09-06"
"Koldo","Merel","1985-09-04"
"Radhia","Douceur","1985-05-05"
"Masoud","Beeson","1985-11-21"
"Nathalie","Vendrig","1985-03-17"
"Chinya","Ballarin","1985-04-19"
"Danel","Krybus","1985-12-08"
"LiMin","Picht","1985-05-05"
"Zine","Diderrich","1985-10-06"
"Brewster","Kalafatis","1985-07-23"
"Gianluca","Bernini","1985-12-08"
"Youngkon","Gihr","1985-10-26"
"Maren","Jording","1985-07-23"
"Nimmagadda","Schoegge","1985-04-26"
"Souichi","Krohn","1985-12-13"
"Cordelia","Thambidurai","1985-11-28"
"Arif","Cannane","1985-05-19"
"George","Morris","1985-11-17"
"Khosrow","Ranst","1985-11-12"
"Bedrich","Versino","1985-03-30"
"Neelam","Asmuth","1985-05-13"
"Chiranjit","Terwilliger","1985-10-01"
"Menkae","Azuma","1985-04-24"
"Fen","Lortz","1985-08-16"
"Miomir","Lortz","1985-10-12"
"Mayuko","Furedi","1985-02-08"
"Tesuya","Whittlesey","1985-09-07"
"Vugranam","Armand","1985-10-03"
"Chaoyi","Speckmann","1985-12-05"
"Weidon","Kilgore","1985-12-21"
"Idoia","Pramanik","1985-02-17"
"Tayeb","Lowrie","1985-10-04"
"Baocai","Facello","1985-11-04"
"Brigham","Uludag","1985-11-05"
"DeForest","Vecchi","1985-12-20"
"Aleksandar","Marquardt","1985-04-29"
"Terresa","Kushner","1985-05-08"
"Nigel","Plesums","1985-08-08"
"Gaetan","Farrag","1985-12-24"
"Mads","Shigei","1985-11-17"
"Aloke","Chinin","1985-06-29"
"Nidapan","Dulin","1985-11-07"
"Murthy","Sundgren","1985-03-30"
"Huei","Bressoud","1985-08-21"
"Shooichi","Hagimont","1985-03-26"
"Alair","Rabehasaina","1985-07-17"
"Gaetan","Emiris","1985-08-17"
"Richara","Matzel","1985-08-14"
"Shahaf","Figueira","1985-06-10"
"Khue","Dayang","1985-08-09"
"Shooichi","Braunschweig","1985-04-12"
"Kensei","Tchuente","1985-09-20"
"Leif","Bernardeschi","1985-09-13"
"Masali","Mellouli","1985-12-27"
"Arco","Maliniak","1985-04-04"
"Martien","Cappello","1985-02-15"
"Sanjai","Danlos","1985-10-29"
"Divier","Nishimukai","1985-03-24"
"Becky","Pelz","1985-08-02"
"Adas","Etalle","1985-07-31"
"Constantino","Srimani","1985-02-25"
"Kerhong","Chinin","1985-09-29"
"Zhenhua","Aseltine","1985-11-25"
"Fumiyo","Steenbeek","1985-07-19"
"Khue","Perna","1985-12-28"
"Unal","Range","1985-07-21"
"Fan","Seuren","1985-09-26"
"Ramya","Tramer","1985-05-08"
"Huei","Butterworth","1985-05-19"
"Gaetan","Khamsi","1985-10-25"
"Zongyan","Lalonde","1985-07-04"
"Mohammad","Jording","1985-04-11"
"Angus","Ventosa","1985-07-20"
"Oksana","Karnin","1985-03-06"
"Renny","Gruenwald","1985-04-07"
"Hitomi","Wolniewicz","1985-08-16"
"Yoshinari","Zielinski","1985-03-21"
"Jamaludin","Krider","1985-06-27"
"Volkmar","Roccetti","1985-11-24"
"Golgen","Siegrist","1985-06-26"
"Shuzo","Gyorkos","1985-05-15"
"Laurentiu","Demke","1985-11-13"
"IEEE","Stentiford","1985-09-03"
"Herbert","Zizka","1985-03-21"
"Kazuhide","Bain","1985-09-06"
"Vasilis","Redmiles","1985-08-12"
"Slavian","Georgatos","1985-12-07"
"Abdelkader","Erbe","1985-06-16"
"Mountaz","Birge","1985-09-12"
"Roddy","Bala","1985-09-11"
"Gian","Alblas","1985-09-11"
"Valery","Angelopoulos","1985-05-26"
"Holgard","Broder","1985-05-10"
"Mads","Gist","1985-09-12"
"Stevo","Przulj","1985-02-21"
"Jiang","Baaz","1985-07-01"
"Mikhail","DuBourdieux","1985-06-15"
"Danel","Petereit","1985-02-21"
"Florina","Arlazarov","1985-07-26"
"Achilleas","Eiron","1985-08-29"
"Weiye","Tomescu","1985-06-30"
"Gino","Madeira","1985-02-11"
"Udi","Baaleh","1985-05-08"
"Rance","Honiden","1985-08-21"
"Mack","Orlowska","1985-04-01"
"Geoffry","Heydon","1985-07-29"
"Denis","Samarati","1985-03-11"
"Marlo","Furudate","1985-06-18"
"Elzbieta","Perna","1985-12-04"
"Gaetan","Thummel","1985-10-07"
"Kristen","Kavanagh","1985-09-04"
"Anneke","Kilgour","1985-10-03"
"Jeanna","Marquardt","1985-11-28"
"Mokhtar","Smailagic","1985-02-23"
"Gill","Nitsch","1985-09-26"
"Takahiro","Bala","1985-05-26"
"Christophe","Deville","1985-12-25"
"Masaru","Kowalchuk","1985-10-31"
"Stafford","Weiland","1985-06-01"
"Mohammed","Cooman","1985-02-19"
"Rosita","Haumacher","1985-10-14"
"Takushi","Pietracaprina","1985-03-10"
"Marke","Babu","1985-04-16"
"Yunming","McFarlin","1985-10-11"
"Neelam","Teitelbaum","1985-11-04"
"Yongmao","Hiltgen","1985-11-21"
"Arlette","Maquelin","1985-05-11"
"Froduald","Munke","1985-09-29"
"Inderjeet","Rohrbach","1985-04-22"
"Zejun","Bernatsky","1985-06-07"
"Mariangiola","Trelles","1985-04-05"
"Gro","Perl","1985-10-09"
"Karlis","Bahi","1985-02-10"
"Paraskevi","Budinsky","1985-10-08"
"Honesty","Gluchowski","1985-07-23"
"Francoise","Liesche","1985-05-03"
"Vincent","Nations","1985-03-26"
"Doowon","Terwilliger","1985-09-25"
"Sreenivas","Leivant","1985-04-23"
"Reuven","Meszaros","1985-08-04"
"Teunis","Parhami","1985-10-02"
"Christfried","Middleton","1985-06-15"
"Saddek","Shinomoto","1985-03-22"
"Yinlin","Jording","1985-10-31"
"Tzu","Murtagh","1985-12-25"
"Khalid","Pews","1985-08-04"
"Shigeichiro","Gerteisen","1985-08-31"
"Eckart","Karunanithi","1985-07-02"
"Rasiah","Fiutem","1985-06-18"
"Manibrata","Pepe","1985-04-18"
"Lihong","Benantar","1985-10-08"
"Kagan","Radhakrishnan","1985-02-06"
"Marla","Engberts","1985-09-04"
"Mong","Khalil","1985-12-01"
"Margareta","Boreale","1985-12-13"
"Yishay","Demian","1985-10-19"
"Salvador","Herath","1985-11-05"
"Chandrasekaran","Baba","1985-09-17"
"Sashi","Peral","1985-05-12"
"Houman","Ruther","1985-02-08"
"Maria","Peternell","1985-05-08"
"Renny","Chandrasekhar","1985-08-26"
"Masadi","Riefers","1985-05-19"
"Shawna","Quadeer","1985-10-06"
"Zhaofang","Bardell","1985-06-20"
"Szabolcs","Carrere","1985-05-27"
"Narain","Kowalchuk","1985-10-04"
"Muneo","Pesch","1985-11-17"
"Gererd","Desikan","1985-12-15"
"Lorien","Ranai","1985-09-24"
"Shir","Himler","1985-04-10"
"Serap","Trelles","1985-03-25"
"Cullen","Perelgut","1985-08-27"
"Hideo","Hiltgen","1985-03-18"
"Xinyu","DuBourdieux","1985-09-18"
"Alenka","Babb","1985-10-07"
"Kshitij","Birch","1985-12-29"
"Nigel","Gewali","1985-11-27"
"Gino","Olano","1985-05-28"
"Jaideep","Shumilov","1985-04-01"
"Gor","Veldwijk","1985-02-04"
"Souichi","Erez","1985-07-11"
"Sachar","Kugler","1985-08-27"
"Yishay","Trogemann","1985-10-15"
"Mahendra","Ulupinar","1985-07-05"
"Arvin","Thisen","1985-04-23"
"Zhongwei","Schaar","1985-06-03"
"Kwan","Polupanov","1985-02-21"
"Akeel","Swiler","1985-10-12"
"Richard","Hiroyama","1985-02-03"
"Carrsten","Brodie","1985-05-13"
"Chiranjit","Stasinski","1985-05-03"
"Sashi","Ariola","1985-06-23"
"Mohammed","Plesums","1985-06-05"
"Janche","Perz","1985-05-06"
"Stepehn","Chenoweth","1985-07-10"
"Kristina","Lagarias","1985-03-19"
"Shawna","Ermel","1985-12-21"
"Sariel","Quadeer","1985-03-07"
"Hinrich","Malinowski","1985-11-23"
"Jagoda","Mullainathan","1985-03-07"
"Boriana","Conia","1985-08-10"
"Zhiwei","Narahari","1985-04-08"
"Kamran","Schaap","1985-05-27"
"Stabislas","Gulik","1985-12-07"
"Willard","Zeleznik","1985-11-27"
"Halsur","Kaelbling","1985-12-29"
"Doowon","Collavizza","1985-08-25"
"Ebbe","Tramer","1985-07-20"
"Xuejia","Paludetto","1985-12-26"
"Jongsuk","Boreale","1985-11-09"
"Phillip","Shokrollahi","1985-07-30"
"Boaz","Lally","1985-06-22"
"Georgi","Narahari","1985-07-23"
"Faiza","Piazza","1985-09-18"
"Clyde","Itzfeldt","1985-04-04"
"Arunas","Stroustrup","1985-07-18"
"Brigham","Delgrande","1985-10-08"
"Mostafa","Pillow","1985-11-15"
"Padma","Guerreiro","1985-02-13"
"Seongbin","Versino","1985-07-15"
"Kellie","Couchot","1985-05-15"
"Mana","Swick","1985-06-26"
"Gila","Lindenbaum","1985-09-10"
"Utpal","Cools","1985-03-23"
"Paraskevi","Bala","1985-05-23"
"Jianhua","Bellmore","1985-11-13"
"Anneli","Beidas","1985-05-17"
"Dmitri","Schaar","1985-03-23"
"Denis","Choobineh","1985-12-06"
"Heather","Kropatsch","1985-06-04"
"Visit","Kakkar","1985-09-24"
"Gladys","Detkin","1985-08-01"
"Giap","Pileggi","1985-07-25"
"Aksel","Atrawala","1985-04-17"
"Rutger","Khalil","1985-10-20"
"Brigham","Rusterholz","1985-02-15"
"Atreyi","Montresor","1985-05-16"
"Divine","Bojadziev","1985-05-02"
"Chuanyi","Selenyi","1985-06-13"
"Saeed","Falster","1985-10-07"
"Francesca","Rathonyi","1985-04-19"
"Sailaja","Peltason","1985-09-17"
"Inderjeet","Perri","1985-07-02"
"Eric","Setiz","1985-03-07"
"Deniz","Levasseur","1985-04-01"
"Chikako","Remmele","1985-10-31"
"Xiaoshan","Vadhan","1985-06-29"
"Kiam","Koshino","1985-03-30"
"Wilmer","Marchegay","1985-04-20"
"Kersti","Rusmann","1985-07-02"
"Constantino","Broder","1985-07-29"
"Boguslaw","Rabehasaina","1985-11-03"
"Weiyi","Cooman","1985-09-01"
"Mohd","Sidou","1985-04-26"
"Xianlong","Melton","1985-05-17"
"Ramalingam","Slobodova","1985-04-27"
"Zhigen","Heystek","1985-09-01"
"Shahaf","Hitomi","1985-12-20"
"Masako","Seuren","1985-06-03"
"Maris","Perly","1985-10-28"
"Xiaobin","Stafford","1985-05-28"
"Maja","Gulla","1985-11-29"
"Ingmar","Honglei","1985-03-08"
"Salvador","Standera","1985-04-08"
"Denis","Percebois","1985-04-17"
"Boutros","Kirkerud","1985-07-18"
"Kien","Suppi","1985-04-15"
"Hausi","Heystek","1985-08-06"
"Dannz","Levasseur","1985-11-09"
"Abdelghani","Przulj","1985-02-25"
"Shooichi","Makinen","1985-03-15"
"Randy","Verspoor","1985-03-25"
"Eishiro","Stafford","1985-09-04"
"Taegyun","Bail","1985-06-24"
"Yifei","Rassart","1985-12-22"
"Shaw","Juneja","1985-06-24"
"Zhonghua","Conia","1985-12-30"
"Sadegh","Schmittgen","1985-05-11"
"Harngdar","Deverell","1985-11-26"
"Van","Schaar","1985-09-16"
"Shaw","Rosen","1985-06-06"
"Nahla","Wilfing","1985-06-20"
"Itzchak","Bolotov","1985-02-27"
"Adam","Valette","1985-04-14"
"Mariangiola","Zizka","1985-05-19"
"Kazuhira","Lagarias","1985-08-07"
"Bouchung","Alvarado","1985-02-19"
"Kamakshi","Vrecion","1985-11-05"
"Ottavia","Barriga","1985-09-24"
"Olivera","Laurillard","1985-04-25"
"Baziley","Katzenelson","1985-03-07"
"Hein","Peron","1985-06-30"
"Khaled","Merey","1985-04-05"
"Sumant","Angelopoulos","1985-11-09"
"Billur","Esteva","1985-05-14"
"Gudjon","Cannata","1985-09-04"
"Wanqing","Stemann","1985-08-11"
"Duro","Huhdanpaa","1985-12-04"
"Kersti","Mapelli","1985-03-14"
"Guttorm","Siprelle","1985-05-17"
"Aral","Birjandi","1985-12-22"
"Wilmer","Arlazarov","1985-03-25"
"Szabolcs","Baca","1985-11-07"
"Jiong","Gien","1985-02-28"
"Lansing","Besselaar","1985-08-11"
"Ferdinand","Monkewich","1985-06-16"
"Keiichiro","Navazio","1985-06-16"
"Nahum","Jahnichen","1985-09-09"
"Steen","Crouzet","1985-03-08"
"Piyawadee","Danner","1985-09-03"
"Almudena","Litzkow","1985-02-13"
"Huiqun","Picco","1985-08-22"
"Eben","Ratnakar","1985-11-20"
"Haldon","Gulak","1985-05-26"
"Magdalena","Benveniste","1985-12-04"
"Van","Dayang","1985-12-14"
"Jinya","Demeyer","1985-05-07"
"Lidong","Eiter","1985-02-27"
"Subbu","Leslie","1985-08-16"
"Maren","Vakili","1985-03-25"
"Sadok","Braccini","1985-12-21"
"Udi","Stifter","1985-12-16"
"Zejun","Borstler","1985-10-19"
"Maren","Steenbeek","1985-08-03"
"Bogdan","Sundgren","1985-07-20"
"Lech","Aseltine","1985-03-29"
"Mariangiola","Hasham","1985-10-13"
"Tsz","Laventhal","1985-08-01"
"Xuedong","Iisaku","1985-04-11"
"Shin","Schaad","1985-05-29"
"Xinyu","Jenevein","1985-07-06"
"Chenye","Flasterstein","1985-11-17"
"Rasikan","Baalen","1985-04-22"
"Angus","Ramsay","1985-02-06"
"Aram","Moffat","1985-02-14"
"Aiman","Rouquie","1985-04-12"
"Jasminko","Streng","1985-07-21"
"Paraskevi","Worfolk","1985-05-07"
"Kenroku","Munke","1985-10-14"
"Tiina","Hambrick","1985-07-13"
"Jouko","Monarch","1985-04-20"
"Iara","Heiserman","1985-09-14"
"Zhigen","Thimonier","1985-07-01"
"Khoa","Klyachko","1985-04-09"
"Moriyoshi","Cheshire","1985-03-06"
"Duri","Apsitis","1985-07-10"
"Subhash","Staylopatis","1985-04-28"
"Mohd","Karcich","1985-12-22"
"Tsvetan","Stasinski","1985-02-27"
"Teunis","Angelov","1985-06-09"
"Ebru","Kermarrec","1985-03-20"
"Wilmer","Rosis","1985-05-01"
"Arumugam","Schaar","1985-08-27"
"Peternela","Lindenbaum","1985-04-20"
"Hsiangchu","Bridgland","1985-12-03"
"Xuedong","Bernatsky","1985-08-02"
"Gila","Nitta","1985-04-05"
"Toshimitsu","Czaja","1985-08-13"
"Sandeepan","Goldhammer","1985-07-26"
"Mototsugu","Unni","1985-04-06"
"Isamu","Iisaku","1985-12-23"
"Pasqua","Schreiter","1985-02-18"
"Maren","Tzvieli","1985-10-28"
"Ymte","Speer","1985-11-20"
"Serif","Vilarrasa","1985-11-11"
"Fusako","Schwartzbauer","1985-04-07"
"Denis","Gadepally","1985-08-29"
"Baruch","Aseltine","1985-07-19"
"Mabhin","Cappelli","1985-04-04"
"Kersti","Lieblein","1985-06-05"
"Gill","Lores","1985-10-11"
"Tran","Kobara","1985-03-12"
"Beshir","Basagni","1985-10-04"
"Dmitri","Barvinok","1985-12-06"
"Jayesh","Syang","1985-05-17"
"Duangkaew","Falco","1985-08-11"
"Oddvar","Feldhoffer","1985-06-15"
"Collette","Strooper","1985-04-27"
"Cathie","Falby","1985-03-18"
"Fumitake","Kulisch","1985-09-27"
"Nectarios","Barvinok","1985-03-13"
"Sangeeta","DeMori","1985-04-19"
"Marit","Pollacia","1985-07-04"
"Henk","Ashish","1985-10-25"
"Barry","Yetto","1985-05-17"
"Kwangsub","Brobst","1985-12-09"
"Nahum","Ferretti","1985-12-31"
"Hongzue","Malinowski","1985-10-03"
"Hercules","Shimshoni","1985-04-14"
"Zito","Levergood","1985-07-20"
"Heon","Lieberherr","1985-02-25"
"Toshimo","Strandh","1985-08-11"
"Mechthild","Cannane","1985-10-09"
"Tsvetan","Boguraev","1985-06-18"
"Adil","Furedi","1985-02-01"
"Hyuckchul","Nollmann","1985-05-24"
"Geoffry","Narwekar","1985-07-05"
"Masaru","Rusmann","1985-02-18"
"Somnath","Motley","1985-12-21"
"Gill","Steenbeek","1985-07-06"
"Basant","Chinen","1985-02-28"
"Shuzo","Sessa","1985-02-16"
"Lobel","Trumbly","1985-06-03"
"Soenke","Birta","1985-12-13"
"Somnath","Rodier","1985-02-07"
"Nobuyoshi","Zultner","1985-06-14"
"Shawna","Serra","1985-11-10"
"Tiina","Zeleznik","1985-10-06"
"Nevio","Peres","1985-04-19"
"Patricia","Magalhaes","1985-04-15"
"Lena","Yetim","1985-08-02"
"Kristina","Schmiedel","1985-11-04"
"Arvin","Krogh","1985-11-06"
"Rutger","Munke","1985-07-10"
"Arch","Herath","1985-11-03"
"Jasminko","Vidya","1985-11-19"
"Lena","Pappas","1985-03-19"
"Naftali","Lundstrom","1985-12-13"
"Qingxiang","Sullins","1985-08-22"
"Chikara","Stenning","1985-07-04"
"Shigeu","Cooley","1985-08-26"
"Leif","Azumi","1985-06-27"
"Gunilla","Heping","1985-12-22"
"Mona","Wursthorn","1985-03-02"
"Dhritiman","Rahimi","1985-09-29"
"Vishu","Flanders","1985-05-06"
"Pantung","Solares","1985-03-23"
"Mong","Parfitt","1985-11-14"
"Cedric","Lowrie","1985-08-12"
"Navin","Jonsson","1985-06-01"
"Unal","Polupanov","1985-05-09"
"Moty","Gniady","1985-06-21"
"Fatemeh","Montresor","1985-03-01"
"Maria","Ritcey","1985-03-13"
"Itzchak","Pappas","1985-08-02"
"Hitomi","Perko","1985-10-25"
"Alois","Zhiwei","1985-05-22"
"Iara","Dolinsky","1985-12-24"
"Aleksandar","Muhlberg","1985-05-23"
"Utpal","Melichar","1985-05-20"
"Geoff","Siprelle","1985-11-17"
"Sigeru","Radwan","1985-08-26"
"Takahira","Furedi","1985-09-22"
"Kankanahalli","Danlos","1985-02-17"
"Abdelwaheb","Syrzycki","1985-07-25"
"Matk","Hagimont","1985-11-16"
"Mizuhito","Buescher","1985-08-14"
"Shaowei","Ghemri","1985-04-01"
"Alois","Hambrick","1985-04-06"
"Stein","Kakkad","1985-12-11"
"Tiina","Bellmore","1985-08-28"
"Vincent","Pouyioutas","1985-07-03"
"Chinho","Barbanera","1985-07-29"
"Subbu","Strandh","1985-12-28"
"Eckart","Ranft","1985-08-18"
"Shichao","Salinas","1985-05-21"
"Domenico","Marchesini","1985-08-03"
"Satyanarayana","Perri","1985-09-29"
"Kwan","Siegrist","1985-09-17"
"Mohammad","McFarlan","1985-08-23"
"Arvind","Haumacher","1985-11-15"
"Ghassan","Badr","1985-07-16"
"Adly","Meszaros","1985-02-28"
"Kamakshi","Hoogerwoord","1985-11-23"
"Atreyi","Pepe","1985-11-08"
"Roddy","Vieth","1985-08-09"
"Jaana","Thiran","1985-05-07"
"Odysseas","Billawala","1985-12-15"
"Thodoros","Szilard","1985-04-29"
"Sachin","Rohrbach","1985-03-04"
"Vasiliy","Rattan","1985-06-16"
"Susanne","McAffer","1985-11-09"
"Sham","Jording","1985-12-13"
"Saeko","Deville","1985-08-25"
"Weijing","Nilsson","1985-05-10"
"Taizo","Veevers","1985-02-27"
"Tuval","Mawatari","1985-10-30"
"Masaki","Yurov","1985-10-28"
"Naraig","Murrill","1985-08-05"
"Xudong","Farrow","1985-08-14"
"Fumiyo","Shiratori","1985-10-14"
"Danny","Penz","1985-04-26"
"Seongbin","Picaronny","1985-12-20"
"Magdalena","Hopewell","1985-05-31"
"Basil","Ramras","1985-09-21"
"Sibyl","Perfilyeva","1985-04-17"
"Goncalo","Selenyi","1985-09-04"
"Gurbir","Champarnaud","1985-12-24"
"Ymte","Adachi","1985-11-25"
"Goh","Crelier","1985-07-12"
"Ramalingam","Ghelli","1985-07-17"
"Godehard","Cherinka","1985-11-24"
"Geoffrey","Velardi","1985-11-08"
"Hidefumi","Potthoff","1985-04-24"
"Basant","Morton","1985-02-23"
"Alair","Passafiume","1985-07-27"
"Suzette","Vecchio","1985-07-02"
"Nechama","Masada","1985-05-25"
"Zhanqiu","Uehara","1985-12-25"
"Boalin","Ozeki","1985-06-25"
"Conor","Passafiume","1985-03-14"
"Rosalyn","Baalen","1985-05-14"
"Arfst","Irland","1985-03-26"
"Changho","Tischendorf","1985-11-19"
"Juyoung","Leslie","1985-05-16"
"Fox","Lampe","1985-05-21"
"Yuichiro","Swick","1985-10-08"
"Tesuro","Shackel","1985-06-29"
"Behnaam","Masand","1985-09-08"
"Sajjad","Sidje","1985-07-16"
"Satosi","Ecklund","1985-03-26"
"Hitomi","Vural","1985-09-25"
"Halsur","Schaad","1985-10-29"
"Shay","Harllee","1985-05-04"
"Hiroyasu","Mawatari","1985-11-17"
"Moto","Cappelli","1985-06-26"
"Vojin","Levergood","1985-11-17"
"Mani","Ranta","1985-06-25"
"Shai","Snedden","1985-09-11"
"Hatsukazu","Massonet","1985-06-30"
"Suzette","Kroha","1985-04-05"
"Naftali","Mawatari","1985-09-14"
"Weiru","Aamodt","1985-06-28"
"Itzchak","Brender","1985-10-06"
"Jagoda","Varman","1985-05-21"
"Hilary","Osgood","1985-07-20"
"Munir","Underwood","1985-11-19"
"Sreekrishna","Pramanik","1985-03-13"
"Rimli","Kadhim","1985-09-26"
"Michaela","Nergos","1985-05-25"
"Prasadram","Zhang","1985-02-08"
"Aris","Fiebach","1985-05-02"
"Mokhtar","Kakkad","1985-11-25"
"Xiaoqiang","Basawa","1985-12-21"
"Shaunak","Kaiser","1985-09-25"
"Jianhua","Baar","1985-07-30"
"Leucio","Bojadziev","1985-06-28"
"Nevin","Fandrianto","1985-11-03"
"Bezalel","Validov","1985-02-18"
"Jaroslava","Azevdeo","1985-04-05"
"Jinxi","Menyhert","1985-09-01"
"Branimir","Emmart","1985-05-24"
"Xinglin","Pauthner","1985-06-09"
"Ute","Siprelle","1985-09-03"
"Kazuhide","Barvinok","1985-06-13"
"Mart","Crooks","1985-09-09"
"Fox","Baez","1985-06-27"
"Inderjeet","Kohling","1985-06-17"
"Hironoby","Ullian","1985-02-14"
"Shimshon","Albarhamtoshy","1985-07-30"
"Lihong","Swick","1985-08-22"
"Mario","Leivant","1985-03-23"
"Sachio","Stifter","1985-06-15"
"Chandrasekaran","Tsukune","1985-07-11"
"Anneli","Kornyak","1985-06-20"
"Maja","Bahk","1985-05-02"
"Paloma","Marciano","1985-12-13"
"Fumiko","Luck","1985-08-10"
"Jianwen","Schicker","1985-08-12"
"Jacopo","Dredge","1985-04-21"
"Zine","Limongiello","1985-12-16"
"Abdulah","Rathonyi","1985-10-19"
"Giri","Bridgland","1985-05-10"
"Jackson","Geffroy","1985-12-20"
"Yongqiao","Maginnis","1985-03-12"
"Sudharsan","Oberman","1985-05-04"
"Leif","Azulay","1985-12-14"
"Youjian","Diderrich","1985-04-23"
"Morris","Gelosh","1985-02-21"
"Gift","Pileggi","1985-03-09"
"Uzi","Lanphier","1985-10-22"
"Khun","Quittner","1985-04-14"
"Sariel","Apsitis","1985-08-11"
"Rutger","Lortz","1985-06-11"
"Elvis","Garrabrants","1985-10-19"
"Boriana","Pillow","1985-11-06"
"Golgen","Picaronny","1985-08-29"
"Uwe","Siepmann","1985-02-21"
"Alagu","Peternell","1985-08-18"
"Mokhtar","Bernatsky","1985-04-13"
"Katsuyuki","Ranst","1985-11-18"
"Janche","Kornatzky","1985-02-13"
"Serenella","Hiyoshi","1985-12-06"
"Zhonghua","Pena","1985-12-06"
"Gro","Iacovou","1985-10-21"
"Elrique","Claffy","1985-07-01"
"Monique","Jansch","1985-10-25"
"Stella","Conte","1985-02-27"
"Maja","Gecsel","1985-03-07"
"Zine","Terwilliger","1985-06-17"
"Ewing","Ozery","1985-03-14"
"Claude","Dusink","1985-11-17"
"Shahar","Geffroy","1985-09-19"
"Vitaly","Morrow","1985-10-19"
"Licheng","Miyakawa","1985-05-30"
"Angel","Besselaar","1985-07-15"
"Leen","Bahk","1985-09-07"
"Khalil","Matzen","1985-05-09"
"Shigenori","Herber","1985-07-14"
"Fumiyo","Rosch","1985-03-26"
"Arnould","Collette","1985-04-20"
"Florian","Kobara","1985-03-29"
"Gladys","Beeson","1985-03-09"
"Hiroyasu","Journel","1985-02-19"
"Constantijn","Kroft","1985-10-16"
"Abdelwaheb","Schnelling","1985-09-10"
"Jackson","Felcyn","1985-04-17"
"Anneke","Peot","1985-09-28"
"Kristina","Jiafu","1985-04-23"
"Seongbin","Wroclawski","1985-09-25"
"Karoline","Gelosh","1985-12-17"
"Adin","Braunmuhl","1985-02-12"
"Shao","Zuberek","1985-09-23"
"Rosalie","Ramras","1985-05-01"
"Bluma","Pocchiola","1985-12-12"
"Toney","Tiemann","1985-07-12"
"Akeno","Morrow","1985-10-26"
"Kazuyasu","Xiaoshan","1985-05-27"
"Siddarth","Rosca","1985-04-06"
"Arne","Aloia","1985-02-14"
"Wojceich","Cunliffe","1985-11-21"
"Elrique","Pargas","1985-05-25"
"Sadok","Gerlach","1985-09-27"
"Sadun","Tischendorf","1985-04-20"
"Chikako","Bolsens","1985-08-25"
"Chaitali","Axelband","1985-05-07"
"Morrie","Chappelet","1985-06-07"
"Sverrir","Ruther","1985-07-22"
