"empoyeenumber","last_name","first_name","dept_name"
455773,"Aamodt","Aemilian","Sales"
107094,"Aamodt","Baoqiu","Sales"
203802,"Aamodt","Berry","Sales"
428594,"Aamodt","Breannda","Sales"
61219,"Aamodt","Chuanyi","Sales"
492546,"Aamodt","Elzbieta","Sales"
433338,"Aamodt","Gian","Sales"
290839,"Aamodt","Guoxiang","Sales"
233941,"Aamodt","Hairong","Sales"
103125,"Aamodt","Huican","Sales"
275120,"Aamodt","Jaideep","Sales"
240207,"Aamodt","Jiann","Sales"
257214,"Aamodt","Kaijung","Sales"
443223,"Aamodt","Karlis","Sales"
42706,"Aamodt","Khalid","Sales"
71936,"Aamodt","Kish","Sales"
408737,"Aamodt","Leen","Sales"
297498,"Aamodt","Lenore","Sales"
279540,"Aamodt","Luisa","Sales"
43174,"Aamodt","Mariusz","Sales"
46884,"Aamodt","Marla","Sales"
422538,"Aamodt","Matk","Sales"
36585,"Aamodt","Menkae","Sales"
105020,"Aamodt","Mostafa","Sales"
265157,"Aamodt","Narain","Sales"
294575,"Aamodt","Parke","Sales"
244014,"Aamodt","Rimli","Sales"
260324,"Aamodt","Salvador","Sales"
36264,"Aamodt","Sariel","Sales"
221023,"Aamodt","Shan","Sales"
251782,"Aamodt","Somnath","Sales"
493102,"Aamodt","Srinidhi","Sales"
408779,"Aamodt","Tamiya","Sales"
67277,"Aamodt","Teiji","Sales"
280448,"Aamodt","Theron","Sales"
271789,"Aamodt","Valeri","Sales"
19898,"Aamodt","Vidar","Sales"
283857,"Aamodt","Weiru","Sales"
417814,"Aamodt","Yechiam","Sales"
57933,"Aamodt","Yishay","Sales"
429297,"Acton","Becky","Sales"
445773,"Acton","Bodh","Sales"
76392,"Acton","Cristinel","Sales"
294239,"Acton","Divine","Sales"
213271,"Acton","Djenana","Sales"
94909,"Acton","Gal","Sales"
205807,"Acton","Heon","Sales"
76380,"Acton","Karlis","Sales"
107471,"Acton","Kazuhide","Sales"
434928,"Acton","Kenroku","Sales"
295148,"Acton","Kolar","Sales"
28089,"Acton","Mahmut","Sales"
88629,"Acton","Mayuko","Sales"
413496,"Acton","Naftaly","Sales"
462562,"Acton","Navin","Sales"
20737,"Acton","Oscar","Sales"
442462,"Acton","Rance","Sales"
104679,"Acton","Roselyn","Sales"
73542,"Acton","Shigehito","Sales"
408216,"Acton","Shridhar","Sales"
402519,"Acton","Shuji","Sales"
274768,"Acton","Torsten","Sales"
221397,"Acton","Tremaine","Sales"
17823,"Acton","Uriel","Sales"
41503,"Acton","Van","Sales"
21519,"Acton","Xumin","Sales"
93138,"Acton","Yaghout","Sales"
95987,"Acton","Yakichi","Sales"
99157,"Adachi","Aiichiro","Sales"
36533,"Adachi","Arnould","Sales"
417131,"Adachi","Arunas","Sales"
95871,"Adachi","Billur","Sales"
98434,"Adachi","Bogdan","Sales"
434409,"Adachi","Feipei","Sales"
267889,"Adachi","Francesca","Sales"
268132,"Adachi","Franziska","Sales"
470846,"Adachi","Frazer","Sales"
29203,"Adachi","Ger","Sales"
437758,"Adachi","Goetz","Sales"
47750,"Adachi","Gonzalo","Sales"
419194,"Adachi","Houman","Sales"
259631,"Adachi","Izaskun","Sales"
421438,"Adachi","Jaewoo","Sales"
402164,"Adachi","Lenore","Sales"
238484,"Adachi","Mart","Sales"
207844,"Adachi","Moheb","Sales"
259710,"Adachi","Richard","Sales"
211920,"Adachi","Sahrah","Sales"
482446,"Adachi","Satyanarayana","Sales"
470859,"Adachi","Serif","Sales"
293297,"Adachi","Shen","Sales"
223389,"Adachi","Shuho","Sales"
402060,"Adachi","Sigeru","Sales"
270761,"Adachi","Subhada","Sales"
437779,"Adachi","Tooru","Sales"
496342,"Adachi","Uriel","Sales"
241280,"Adachi","Yoshinari","Sales"
58205,"Adachi","Yuchang","Sales"
80752,"Adachi","Zhenhua","Sales"
433630,"Aingworth","Bilhanan","Sales"
447316,"Aingworth","Chiradeep","Sales"
93256,"Aingworth","Claudi","Sales"
406604,"Aingworth","Danai","Sales"
205351,"Aingworth","Duangkaew","Sales"
267330,"Aingworth","Erzsebet","Sales"
53557,"Aingworth","Gianluca","Sales"
60201,"Aingworth","Gregory","Sales"
45882,"Aingworth","Guoxiang","Sales"
274470,"Aingworth","Jiang","Sales"
413629,"Aingworth","Kasturi","Sales"
215080,"Aingworth","Kenton","Sales"
244581,"Aingworth","Kyoichi","Sales"
206814,"Aingworth","Lene","Sales"
227923,"Aingworth","Luisa","Sales"
490704,"Aingworth","Mabo","Sales"
11927,"Aingworth","Mana","Sales"
11441,"Aingworth","Marlo","Sales"
106644,"Aingworth","Martina","Sales"
259313,"Aingworth","Masadi","Sales"
232462,"Aingworth","Masali","Sales"
72894,"Aingworth","Mingzeng","Sales"
498339,"Aingworth","Naraig","Sales"
36820,"Aingworth","Navin","Sales"
35529,"Aingworth","Pragnesh","Sales"
266510,"Aingworth","Roded","Sales"
271778,"Aingworth","Samphel","Sales"
488469,"Aingworth","Sangeeta","Sales"
30321,"Aingworth","Shunichi","Sales"
239915,"Aingworth","Taizo","Sales"
416104,"Aingworth","Tze","Sales"
482658,"Aingworth","Wanqing","Sales"
437594,"Aingworth","Xumin","Sales"
24681,"Aingworth","Zhensheng","Sales"
235864,"Akaboshi","Abdelkader","Sales"
70784,"Akaboshi","Abdelwaheb","Sales"
202510,"Akaboshi","Amstein","Sales"
99481,"Akaboshi","Arnd","Sales"
21144,"Akaboshi","Bouchung","Sales"
495439,"Akaboshi","Claude","Sales"
498841,"Akaboshi","Dhritiman","Sales"
101562,"Akaboshi","Eben","Sales"
238797,"Akaboshi","Filipp","Sales"
456657,"Akaboshi","Frederique","Sales"
403627,"Akaboshi","Gennadi","Sales"
270905,"Akaboshi","Idoia","Sales"
18664,"Akaboshi","Itzchak","Sales"
401388,"Akaboshi","Katsuyuki","Sales"
200100,"Akaboshi","Kazuhito","Sales"
499310,"Akaboshi","Masanao","Sales"
23815,"Akaboshi","Minghong","Sales"
37409,"Akaboshi","Niranjan","Sales"
406648,"Akaboshi","Parviz","Sales"
279774,"Akaboshi","Pascal","Sales"
237338,"Akaboshi","Rildo","Sales"
12681,"Akaboshi","Rosalyn","Sales"
462427,"Akaboshi","Sailaja","Sales"
423907,"Akaboshi","Sanjit","Sales"
479302,"Akaboshi","Shawna","Sales"
410295,"Akaboshi","Shir","Sales"
472946,"Akaboshi","Sorina","Sales"
100538,"Akaboshi","Spyrose","Sales"
216943,"Akaboshi","Sudharsan","Sales"
477364,"Akaboshi","TRUE","Sales"
54045,"Akaboshi","Udaiprakash","Sales"
13335,"Akaboshi","Val","Sales"
283289,"Akaboshi","Yechezkel","Sales"
226896,"Akaboshi","Yurij","Sales"
484215,"Akazan","Arco","Sales"
475679,"Akazan","Arve","Sales"
482288,"Akazan","Billur","Sales"
34009,"Akazan","Boaz","Sales"
261484,"Akazan","Boguslaw","Sales"
51120,"Akazan","Demin","Sales"
22377,"Akazan","Demos","Sales"
207533,"Akazan","Faiza","Sales"
263552,"Akazan","Fan","Sales"
252867,"Akazan","Gal","Sales"
462344,"Akazan","Giao","Sales"
485200,"Akazan","Jacqueline","Sales"
477151,"Akazan","Jaewoo","Sales"
436085,"Akazan","Jiann","Sales"
17767,"Akazan","Jianwen","Sales"
412611,"Akazan","Kankanahalli","Sales"
498899,"Akazan","Kasidit","Sales"
206847,"Akazan","Luise","Sales"
97617,"Akazan","Mahmut","Sales"
89901,"Akazan","Mariusz","Sales"
17644,"Akazan","Mats","Sales"
12301,"Akazan","Oksana","Sales"
29306,"Akazan","Perla","Sales"
275687,"Akazan","Richard","Sales"
30425,"Akazan","Rimli","Sales"
40693,"Akazan","Serge","Sales"
23595,"Akazan","Seshu","Sales"
21963,"Akazan","Shawna","Sales"
62595,"Akazan","Shietung","Sales"
262742,"Akazan","Shuichi","Sales"
98153,"Akazan","Shunichi","Sales"
459049,"Akazan","Sudharsan","Sales"
44793,"Akazan","Sumali","Sales"
427489,"Akazan","Torsten","Sales"
34664,"Akazan","Tran","Sales"
200887,"Akazan","Valeska","Sales"
460839,"Akazan","Vishu","Sales"
81402,"Akazan","Yannik","Sales"
473611,"Akazan","Yechiam","Sales"
269518,"Akazan","Yishay","Sales"
106811,"Akazan","Yucel","Sales"
240587,"Akazan","Zorica","Sales"
446546,"Akiyama","Basem","Sales"
70365,"Akiyama","Dines","Sales"
212714,"Akiyama","Dipayan","Sales"
65907,"Akiyama","Elvia","Sales"
458633,"Akiyama","Hausi","Sales"
57325,"Akiyama","Hidde","Sales"
217250,"Akiyama","Hongzue","Sales"
467189,"Akiyama","Ingmar","Sales"
459147,"Akiyama","Jongsuk","Sales"
232686,"Akiyama","Kazuhiko","Sales"
43441,"Akiyama","Kazuhiro","Sales"
277550,"Akiyama","Kazuhito","Sales"
438037,"Akiyama","Luigi","Sales"
82611,"Akiyama","Mabo","Sales"
277512,"Akiyama","Mana","Sales"
428622,"Akiyama","Marco","Sales"
11226,"Akiyama","Margareta","Sales"
14591,"Akiyama","Martijn","Sales"
90764,"Akiyama","Mingzeng","Sales"
243435,"Akiyama","Moriyoshi","Sales"
484867,"Akiyama","Oldrich","Sales"
467594,"Akiyama","Reinhard","Sales"
65131,"Akiyama","Shakhar","Sales"
484067,"Akiyama","Terresa","Sales"
234116,"Akiyama","Torsten","Sales"
441067,"Akiyama","Toshimo","Sales"
269192,"Akiyama","Ung","Sales"
250990,"Akiyama","Vasilii","Sales"
79509,"Akiyama","Vitaly","Sales"
424904,"Akiyama","Xiaoshan","Sales"
53624,"Akiyama","Zdislav","Sales"
295900,"Akiyama","Zhonghui","Sales"
280684,"Alameldin","Adel","Sales"
230085,"Alameldin","Aria","Sales"
213801,"Alameldin","Aruna","Sales"
99832,"Alameldin","Avishai","Sales"
89970,"Alameldin","Baruch","Sales"
285201,"Alameldin","Bernd","Sales"
265077,"Alameldin","Divine","Sales"
439714,"Alameldin","Fay","Sales"
48313,"Alameldin","Fox","Sales"
427783,"Alameldin","Gennady","Sales"
403285,"Alameldin","Geoff","Sales"
276399,"Alameldin","Geoffrey","Sales"
248479,"Alameldin","Gila","Sales"
455141,"Alameldin","Harjit","Sales"
280650,"Alameldin","Hironoby","Sales"
20836,"Alameldin","Jingling","Sales"
42833,"Alameldin","Kousuke","Sales"
75370,"Alameldin","Kwee","Sales"
207806,"Alameldin","Limsoon","Sales"
264252,"Alameldin","Lokesh","Sales"
446475,"Alameldin","Lunjin","Sales"
205831,"Alameldin","Mahmut","Sales"
65998,"Alameldin","Mandell","Sales"
425501,"Alameldin","Manton","Sales"
51751,"Alameldin","Marek","Sales"
449122,"Alameldin","Marin","Sales"
265543,"Alameldin","Nevio","Sales"
487987,"Alameldin","Poorav","Sales"
211765,"Alameldin","Saeko","Sales"
73556,"Alameldin","Sampalli","Sales"
264339,"Alameldin","Sanjeeva","Sales"
45390,"Alameldin","Sedat","Sales"
87628,"Alameldin","Sibyl","Sales"
285660,"Alameldin","Toshimori","Sales"
109334,"Alameldin","Tsutomu","Sales"
472911,"Alameldin","Wonhee","Sales"
39360,"Alameldin","Xiaobin","Sales"
434605,"Alameldin","Yahiko","Sales"
36417,"Albarhamtoshy","Aamod","Sales"
45552,"Albarhamtoshy","Aloys","Sales"
462231,"Albarhamtoshy","Anneke","Sales"
496077,"Albarhamtoshy","Anyuan","Sales"
11715,"Albarhamtoshy","Arnd","Sales"
422716,"Albarhamtoshy","Arvind","Sales"
435281,"Albarhamtoshy","Badri","Sales"
280675,"Albarhamtoshy","Chriss","Sales"
215632,"Albarhamtoshy","Franziska","Sales"
82150,"Albarhamtoshy","Gererd","Sales"
499271,"Albarhamtoshy","Ghassan","Sales"
274551,"Albarhamtoshy","Giordano","Sales"
461175,"Albarhamtoshy","Hitofumi","Sales"
59413,"Albarhamtoshy","Huei","Sales"
294922,"Albarhamtoshy","Kauko","Sales"
283395,"Albarhamtoshy","Keung","Sales"
470322,"Albarhamtoshy","Kokou","Sales"
66961,"Albarhamtoshy","Lech","Sales"
443777,"Albarhamtoshy","Lena","Sales"
441386,"Albarhamtoshy","Marie","Sales"
291936,"Albarhamtoshy","Mario","Sales"
438961,"Albarhamtoshy","Marsha","Sales"
26757,"Albarhamtoshy","Masanao","Sales"
294119,"Albarhamtoshy","Oldrich","Sales"
476204,"Albarhamtoshy","Phuoc","Sales"
13736,"Albarhamtoshy","Pranas","Sales"
235238,"Albarhamtoshy","Pranjal","Sales"
70940,"Albarhamtoshy","Rasiah","Sales"
475235,"Albarhamtoshy","Richard","Sales"
439542,"Albarhamtoshy","Roselyn","Sales"
235853,"Albarhamtoshy","Sadegh","Sales"
274446,"Albarhamtoshy","Saeed","Sales"
447050,"Albarhamtoshy","Satosi","Sales"
233966,"Albarhamtoshy","Shimshon","Sales"
261569,"Albarhamtoshy","Thodoros","Sales"
31533,"Albarhamtoshy","Trygve","Sales"
438707,"Albarhamtoshy","Valeri","Sales"
224279,"Albarhamtoshy","Weidon","Sales"
20817,"Albarhamtoshy","Yucai","Sales"
282266,"Albarhamtoshy","Zhensheng","Sales"
252568,"Alblas","Alselm","Sales"
477822,"Alblas","Angel","Sales"
210361,"Alblas","Basim","Sales"
447192,"Alblas","Berni","Sales"
230627,"Alblas","Chenxi","Sales"
289063,"Alblas","Deniz","Sales"
211241,"Alblas","Elzbieta","Sales"
47937,"Alblas","Gennadi","Sales"
104601,"Alblas","Georgy","Sales"
33515,"Alblas","Hidekazu","Sales"
427243,"Alblas","Hisao","Sales"
89868,"Alblas","Itzchak","Sales"
61865,"Alblas","Jouni","Sales"
248531,"Alblas","Mart","Sales"
239368,"Alblas","Mingsen","Sales"
36908,"Alblas","Nahid","Sales"
41407,"Alblas","Nalini","Sales"
299302,"Alblas","Saddek","Sales"
461330,"Alblas","Sadun","Sales"
420464,"Alblas","Shan","Sales"
469085,"Alblas","Steen","Sales"
38048,"Alblas","Stella","Sales"
36356,"Alblas","Susumu","Sales"
99495,"Alblas","Tayeb","Sales"
206053,"Alblas","Tsuneo","Sales"
245790,"Alblas","Yongmao","Sales"
28487,"Alblas","Ziva","Sales"
434168,"Alencar","Aiman","Sales"
109197,"Alencar","Augustine","Sales"
427066,"Alencar","Chandrasekaran","Sales"
93125,"Alencar","Charmane","Sales"
74969,"Alencar","Florian","Sales"
489599,"Alencar","Gianluca","Sales"
62900,"Alencar","Gio","Sales"
455912,"Alencar","Guther","Sales"
265355,"Alencar","Heng","Sales"
53418,"Alencar","Hiroyasu","Sales"
297567,"Alencar","Houman","Sales"
67643,"Alencar","Kiyotoshi","Sales"
257953,"Alencar","Kwangyoen","Sales"
404931,"Alencar","Mara","Sales"
109654,"Alencar","Masako","Sales"
77215,"Alencar","Mingsen","Sales"
453664,"Alencar","Mohan","Sales"
436958,"Alencar","Nimmagadda","Sales"
408016,"Alencar","Oddvar","Sales"
238341,"Alencar","Perry","Sales"
258477,"Alencar","Petter","Sales"
227910,"Alencar","Saniya","Sales"
419553,"Alencar","Shushma","Sales"
37903,"Alencar","Sibyl","Sales"
97666,"Alencar","Spyrose","Sales"
284518,"Alencar","Susumu","Sales"
201665,"Alencar","Troy","Sales"
255740,"Alencar","Tru","Sales"
74750,"Alencar","Tsutomu","Sales"
41687,"Alencar","Weidon","Sales"
450234,"Alencar","Xianlong","Sales"
420876,"Aloia","Aloys","Sales"
475152,"Aloia","Arie","Sales"
33975,"Aloia","Barry","Sales"
434162,"Aloia","Bodo","Sales"
271867,"Aloia","Chenye","Sales"
472515,"Aloia","Danai","Sales"
76678,"Aloia","Doohun","Sales"
76407,"Aloia","Elliott","Sales"
210038,"Aloia","Emdad","Sales"
416018,"Aloia","Fen","Sales"
36874,"Aloia","Genki","Sales"
252487,"Aloia","Gennady","Sales"
413573,"Aloia","Giordano","Sales"
101964,"Aloia","Gretta","Sales"
201626,"Aloia","Guiseppe","Sales"
31963,"Aloia","Heeju","Sales"
222836,"Aloia","Ishfaq","Sales"
19314,"Aloia","JoAnna","Sales"
209371,"Aloia","Karsten","Sales"
479817,"Aloia","Kiyokazu","Sales"
210476,"Aloia","Kwangho","Sales"
233767,"Aloia","Maya","Sales"
99732,"Aloia","Mong","Sales"
471529,"Aloia","Munir","Sales"
439040,"Aloia","Nakhoon","Sales"
60644,"Aloia","Nikolaos","Sales"
240999,"Aloia","Raimond","Sales"
407078,"Aloia","Rosella","Sales"
221882,"Aloia","Sahrah","Sales"
484033,"Aloia","Sanjeeva","Sales"
456007,"Aloia","Souichi","Sales"
461774,"Aloia","Vitaly","Sales"
298130,"Aloia","Vugranam","Sales"
459843,"Aloia","Weidon","Sales"
231877,"Aloia","Weijing","Sales"
70420,"Aloia","Xuejun","Sales"
44154,"Aloia","Yefim","Sales"
55874,"Aloia","Younwoo","Sales"
496650,"Aloisi","Arumugam","Sales"
228246,"Aloisi","Bartek","Sales"
265132,"Aloisi","Baziley","Sales"
417152,"Aloisi","Chaitali","Sales"
477190,"Aloisi","Fan","Sales"
260088,"Aloisi","Frazer","Sales"
42074,"Aloisi","Georgy","Sales"
421336,"Aloisi","Gretta","Sales"
30508,"Aloisi","Herbert","Sales"
233532,"Aloisi","Kamakshi","Sales"
490252,"Aloisi","Kristof","Sales"
15709,"Aloisi","Lena","Sales"
261839,"Aloisi","Magy","Sales"
403562,"Aloisi","Mikhail","Sales"
72503,"Aloisi","Piyawadee","Sales"
90151,"Aloisi","Richara","Sales"
73863,"Aloisi","Somnath","Sales"
201279,"Aloisi","Tsz","Sales"
287486,"Aloisi","Xiaopeng","Sales"
279185,"Aloisi","Xiaoqiu","Sales"
427203,"Aloisi","Xuedong","Sales"
30209,"Aloisi","Yannis","Sales"
287859,"Aloisi","Yuriy","Sales"
27795,"Alpay","Anneli","Sales"
407643,"Alpay","Arunachalam","Sales"
102410,"Alpay","Boalin","Sales"
465434,"Alpay","Dayanand","Sales"
80565,"Alpay","Ekawit","Sales"
53555,"Alpay","Elgin","Sales"
66888,"Alpay","Elvia","Sales"
98890,"Alpay","Erez","Sales"
414666,"Alpay","Fai","Sales"
40224,"Alpay","Genevieve","Sales"
61070,"Alpay","Girolamo","Sales"
484866,"Alpay","Hatem","Sales"
85365,"Alpay","Hideyuki","Sales"
295094,"Alpay","Hitomi","Sales"
52240,"Alpay","Ibibia","Sales"
219523,"Alpay","Jaques","Sales"
496446,"Alpay","Jinpo","Sales"
92933,"Alpay","Kamakshi","Sales"
21135,"Alpay","KayLiang","Sales"
405888,"Alpay","Leucio","Sales"
441362,"Alpay","Lihong","Sales"
494487,"Alpay","Luerbio","Sales"
211081,"Alpay","Luisa","Sales"
407889,"Alpay","Mariusz","Sales"
102870,"Alpay","Marsal","Sales"
437161,"Alpay","Niclas","Sales"
283622,"Alpay","Ohad","Sales"
298624,"Alpay","Rafols","Sales"
101271,"Alpay","Shawna","Sales"
419230,"Alpay","Siamak","Sales"
222029,"Alpay","Sreenivas","Sales"
492769,"Alpay","Susanne","Sales"
202349,"Alpay","Takahiro","Sales"
440864,"Alpay","Tonia","Sales"
56618,"Alpay","Vidar","Sales"
200777,"Alpay","Ziyad","Sales"
298052,"Alpin","Aleksander","Sales"
241956,"Alpin","Arch","Sales"
465547,"Alpin","Bernice","Sales"
227840,"Alpin","Berry","Sales"
13292,"Alpin","Bokyung","Sales"
450913,"Alpin","Carrsten","Sales"
263970,"Alpin","Chenye","Sales"
105902,"Alpin","Constantine","Sales"
442362,"Alpin","Hailing","Sales"
34271,"Alpin","Insup","Sales"
474815,"Alpin","Jaroslava","Sales"
45514,"Alpin","Jessie","Sales"
50948,"Alpin","Jouko","Sales"
238792,"Alpin","Kaijung","Sales"
215818,"Alpin","Krisda","Sales"
79943,"Alpin","Kwee","Sales"
39377,"Alpin","Mingzeng","Sales"
76713,"Alpin","Mitsuyuki","Sales"
14813,"Alpin","Naftali","Sales"
70525,"Alpin","Ohad","Sales"
464670,"Alpin","Ortrun","Sales"
202547,"Alpin","Patricio","Sales"
488519,"Alpin","Qiwen","Sales"
67665,"Alpin","Sergi","Sales"
464942,"Alpin","Shiv","Sales"
214801,"Alpin","Supot","Sales"
224048,"Alpin","Syozo","Sales"
41129,"Alpin","Teiji","Sales"
287792,"Alpin","Tremaine","Sales"
88107,"Alpin","Valery","Sales"
207062,"Alpin","Vasilis","Sales"
442053,"Alpin","Weiwu","Sales"
251260,"Alpin","Xuejun","Sales"
209765,"Alpin","Yoshimitsu","Sales"
418000,"Alpin","Yuichiro","Sales"
10592,"Alvarado","Almudena","Sales"
80191,"Alvarado","Bouchung","Sales"
272246,"Alvarado","Boutros","Sales"
490447,"Alvarado","Demin","Sales"
106898,"Alvarado","Evgueni","Sales"
47132,"Alvarado","Freyja","Sales"
222128,"Alvarado","Isaac","Sales"
211850,"Alvarado","Isamu","Sales"
455466,"Alvarado","Jianhua","Sales"
295091,"Alvarado","Kiyokazu","Sales"
74587,"Alvarado","Matk","Sales"
276128,"Alvarado","Mohan","Sales"
493454,"Alvarado","Muzhong","Sales"
201925,"Alvarado","Persi","Sales"
289545,"Alvarado","Quingbo","Sales"
34586,"Alvarado","Qunsheng","Sales"
243078,"Alvarado","Randy","Sales"
17801,"Alvarado","Taegyun","Sales"
62842,"Alvarado","Ulises","Sales"
418675,"Ambroszkiewicz","Adin","Sales"
234978,"Ambroszkiewicz","Akhilish","Sales"
433469,"Ambroszkiewicz","Barna","Sales"
235094,"Ambroszkiewicz","Bikash","Sales"
80801,"Ambroszkiewicz","Bluma","Sales"
61068,"Ambroszkiewicz","Dinkar","Sales"
215658,"Ambroszkiewicz","Falguni","Sales"
19778,"Ambroszkiewicz","Ferdinand","Sales"
287624,"Ambroszkiewicz","Francesca","Sales"
84885,"Ambroszkiewicz","Gaetan","Sales"
85373,"Ambroszkiewicz","Gennady","Sales"
417571,"Ambroszkiewicz","Geoffry","Sales"
75964,"Ambroszkiewicz","Greger","Sales"
293346,"Ambroszkiewicz","Hausi","Sales"
98173,"Ambroszkiewicz","Irena","Sales"
499671,"Ambroszkiewicz","Jayesh","Sales"
477251,"Ambroszkiewicz","Jayson","Sales"
480988,"Ambroszkiewicz","Jeanna","Sales"
41042,"Ambroszkiewicz","Jiafu","Sales"
73632,"Ambroszkiewicz","Juichirou","Sales"
98128,"Ambroszkiewicz","Kazuhisa","Sales"
480166,"Ambroszkiewicz","Kazuyasu","Sales"
17377,"Ambroszkiewicz","Kien","Sales"
476529,"Ambroszkiewicz","Kiyotoshi","Sales"
48258,"Ambroszkiewicz","Leif","Sales"
244027,"Ambroszkiewicz","Macha","Sales"
260048,"Ambroszkiewicz","Magdalena","Sales"
98190,"Ambroszkiewicz","Masako","Sales"
276290,"Ambroszkiewicz","Mayuko","Sales"
256401,"Ambroszkiewicz","Moriyoshi","Sales"
76142,"Ambroszkiewicz","Nikolaos","Sales"
71336,"Ambroszkiewicz","Parviz","Sales"
409307,"Ambroszkiewicz","Shai","Sales"
286917,"Ambroszkiewicz","Shigehito","Sales"
277681,"Ambroszkiewicz","Taizo","Sales"
416924,"Ambroszkiewicz","Vishwani","Sales"
429513,"Ambroszkiewicz","Wanqing","Sales"
443145,"Ambroszkiewicz","Weiwu","Sales"
30591,"Ambroszkiewicz","Zijian","Sales"
89774,"Anandan","Adhemar","Sales"
479867,"Anandan","Akemi","Sales"
43480,"Anandan","Arco","Sales"
108250,"Anandan","Augustine","Sales"
215460,"Anandan","Eberhardt","Sales"
57288,"Anandan","Elvis","Sales"
277946,"Anandan","Gonzalo","Sales"
82950,"Anandan","Guenter","Sales"
464456,"Anandan","Hyuncheol","Sales"
41177,"Anandan","Jolita","Sales"
201047,"Anandan","Karoline","Sales"
492739,"Anandan","Khalid","Sales"
291385,"Anandan","Khun","Sales"
489735,"Anandan","Krister","Sales"
463329,"Anandan","Leon","Sales"
74583,"Anandan","Malu","Sales"
412012,"Anandan","Mara","Sales"
60046,"Anandan","Mary","Sales"
241952,"Anandan","Maya","Sales"
57554,"Anandan","Moie","Sales"
486582,"Anandan","Naftali","Sales"
107130,"Anandan","Nechama","Sales"
451503,"Anandan","Rance","Sales"
16715,"Anandan","Satosi","Sales"
424476,"Anandan","Spyrose","Sales"
203207,"Anandan","Stepehn","Sales"
446487,"Anandan","Uriel","Sales"
30655,"Anandan","Xuedong","Sales"
291124,"Anandan","Yucai","Sales"
446367,"Ananiadou","Achilleas","Sales"
431078,"Ananiadou","Adib","Sales"
227711,"Ananiadou","Along","Sales"
243780,"Ananiadou","Arto","Sales"
241885,"Ananiadou","Bezalel","Sales"
490241,"Ananiadou","Deniz","Sales"
482714,"Ananiadou","Fumino","Sales"
466817,"Ananiadou","Gadiel","Sales"
469651,"Ananiadou","Gaetan","Sales"
91681,"Ananiadou","Gennadi","Sales"
241325,"Ananiadou","Giordano","Sales"
493829,"Ananiadou","Girolamo","Sales"
14454,"Ananiadou","Gita","Sales"
108375,"Ananiadou","Greger","Sales"
415157,"Ananiadou","Insup","Sales"
64699,"Ananiadou","Jaana","Sales"
105552,"Ananiadou","Kellie","Sales"
217561,"Ananiadou","Kiyotoshi","Sales"
56602,"Ananiadou","Mack","Sales"
450937,"Ananiadou","Mahendra","Sales"
491899,"Ananiadou","Mary","Sales"
407360,"Ananiadou","Masamitsu","Sales"
477750,"Ananiadou","Seongbin","Sales"
479369,"Ananiadou","Shigenori","Sales"
423634,"Ananiadou","Spyrose","Sales"
279858,"Ananiadou","Szabolcs","Sales"
455485,"Ananiadou","Theron","Sales"
69429,"Ananiadou","Tooru","Sales"
477396,"Ananiadou","Willard","Sales"
439086,"Ananiadou","Yongdong","Sales"
255168,"Ananiadou","Ziva","Sales"
80779,"Andreotta","Aamod","Sales"
469821,"Andreotta","Aluzio","Sales"
420737,"Andreotta","Becky","Sales"
52469,"Andreotta","Claude","Sales"
420523,"Andreotta","Danco","Sales"
451895,"Andreotta","Feiyu","Sales"
437092,"Andreotta","Gal","Sales"
91277,"Andreotta","Hauke","Sales"
30991,"Andreotta","Jaber","Sales"
458040,"Andreotta","JiYoung","Sales"
471343,"Andreotta","Mabo","Sales"
471235,"Andreotta","Maha","Sales"
272400,"Andreotta","Nishit","Sales"
53464,"Andreotta","Odoardo","Sales"
79233,"Andreotta","Prasadram","Sales"
224367,"Andreotta","Remzi","Sales"
269723,"Andreotta","Sachem","Sales"
441683,"Andreotta","Sanjai","Sales"
455454,"Andreotta","Shuho","Sales"
69453,"Andreotta","Temple","Sales"
108580,"Andreotta","Tiina","Sales"
78163,"Andreotta","Ult","Sales"
443539,"Andreotta","Vishu","Sales"
403959,"Androutsos","Aleksander","Sales"
426012,"Androutsos","Arunachalam","Sales"
422470,"Androutsos","Arvin","Sales"
290236,"Androutsos","Bodo","Sales"
17632,"Androutsos","Diederik","Sales"
236778,"Androutsos","Djelloul","Sales"
469300,"Androutsos","Fumitaka","Sales"
464242,"Androutsos","Gen","Sales"
417830,"Androutsos","Geoff","Sales"
428219,"Androutsos","Ghassan","Sales"
33814,"Androutsos","Hairong","Sales"
450656,"Androutsos","Heping","Sales"
427216,"Androutsos","Hugh","Sales"
50096,"Androutsos","Hyuckchul","Sales"
227256,"Androutsos","Jasminko","Sales"
434817,"Androutsos","JoAnna","Sales"
412427,"Androutsos","Kristen","Sales"
453020,"Androutsos","Marsja","Sales"
200625,"Androutsos","Masako","Sales"
86766,"Androutsos","Mong","Sales"
480150,"Androutsos","Munir","Sales"
85332,"Androutsos","Odoardo","Sales"
490539,"Androutsos","Ortrud","Sales"
261511,"Androutsos","Shiv","Sales"
480205,"Androutsos","Subhash","Sales"
461967,"Androutsos","Udo","Sales"
222132,"Androutsos","Ulises","Sales"
443557,"Androutsos","Ute","Sales"
25869,"Androutsos","Weiyi","Sales"
494386,"Androutsos","Wojceich","Sales"
81825,"Androutsos","Xiaoheng","Sales"
434826,"Androutsos","Zito","Sales"
455461,"Angel","Adam","Sales"
431403,"Angel","Aemilian","Sales"
464671,"Angel","Aimee","Sales"
470167,"Angel","Aloke","Sales"
442133,"Angel","Bernd","Sales"
247076,"Angel","Bernice","Sales"
37087,"Angel","Claudi","Sales"
455869,"Angel","Dipayan","Sales"
465401,"Angel","Edwin","Sales"
440725,"Angel","Fayez","Sales"
253621,"Angel","Gino","Sales"
493167,"Angel","Greger","Sales"
238255,"Angel","Hinrich","Sales"
91472,"Angel","Jordanka","Sales"
291549,"Angel","Kazuhito","Sales"
88807,"Angel","Kristine","Sales"
275200,"Angel","Lucian","Sales"
280076,"Angel","Nagui","Sales"
43291,"Angel","Pragnesh","Sales"
213565,"Angel","Przemyslawa","Sales"
47304,"Angel","Rosita","Sales"
271980,"Angel","Shigenori","Sales"
225307,"Angel","Shiv","Sales"
239028,"Angel","Surveyors","Sales"
104155,"Angel","Toshimori","Sales"
430052,"Angel","Tsutomu","Sales"
34722,"Angel","Tze","Sales"
23694,"Angel","Ugo","Sales"
28685,"Angel","Valery","Sales"
63191,"Angel","Vincent","Sales"
244687,"Angel","Vitaly","Sales"
86473,"Angel","Weijing","Sales"
41513,"Angelopoulos","Adly","Sales"
108172,"Angelopoulos","Alois","Sales"
17124,"Angelopoulos","Amabile","Sales"
454626,"Angelopoulos","Aran","Sales"
273385,"Angelopoulos","Arumugam","Sales"
446623,"Angelopoulos","Beshir","Sales"
294492,"Angelopoulos","Eishiro","Sales"
400335,"Angelopoulos","Ennio","Sales"
45498,"Angelopoulos","Georg","Sales"
495267,"Angelopoulos","Giordano","Sales"
434298,"Angelopoulos","Guenter","Sales"
298390,"Angelopoulos","Guiseppe","Sales"
422195,"Angelopoulos","Guoxiang","Sales"
234129,"Angelopoulos","Jaihie","Sales"
275898,"Angelopoulos","Jessie","Sales"
216146,"Angelopoulos","Kazuyasu","Sales"
447003,"Angelopoulos","Leen","Sales"
43222,"Angelopoulos","Lenore","Sales"
260904,"Angelopoulos","Lobel","Sales"
230986,"Angelopoulos","Mantis","Sales"
436780,"Angelopoulos","Manu","Sales"
436060,"Angelopoulos","Mitsuyuki","Sales"
206407,"Angelopoulos","Miyeon","Sales"
247010,"Angelopoulos","Mohua","Sales"
17986,"Angelopoulos","Oguz","Sales"
17690,"Angelopoulos","Panayotis","Sales"
486562,"Angelopoulos","Radoslaw","Sales"
230008,"Angelopoulos","Sajjan","Sales"
215123,"Angelopoulos","Sangeeta","Sales"
207526,"Angelopoulos","Satoru","Sales"
487806,"Angelopoulos","Shigehiro","Sales"
493214,"Angelopoulos","Snehasis","Sales"
461881,"Angelopoulos","Somnath","Sales"
481525,"Angelopoulos","Stabislas","Sales"
227659,"Angelopoulos","Takahira","Sales"
200473,"Angelopoulos","Xiahua","Sales"
496326,"Angelopoulos","Xuejun","Sales"
15932,"Angelopoulos","Zijian","Sales"
265903,"Angelov","Abdelkader","Sales"
412511,"Angelov","Abdulah","Sales"
55826,"Angelov","Akemi","Sales"
448841,"Angelov","Berni","Sales"
410001,"Angelov","Boutros","Sales"
90092,"Angelov","Candida","Sales"
85599,"Angelov","Charmane","Sales"
295916,"Angelov","Eberhardt","Sales"
434206,"Angelov","Elrique","Sales"
38763,"Angelov","Froduald","Sales"
464304,"Angelov","Guadalupe","Sales"
246040,"Angelov","Jackson","Sales"
470524,"Angelov","Jinya","Sales"
62449,"Angelov","Jixiang","Sales"
103823,"Angelov","Jolita","Sales"
485044,"Angelov","Josyula","Sales"
204520,"Angelov","Kwee","Sales"
95371,"Angelov","Maik","Sales"
466943,"Angelov","Mayuri","Sales"
270590,"Angelov","Morris","Sales"
493440,"Angelov","Oscal","Sales"
236686,"Angelov","Palash","Sales"
422253,"Angelov","Prodip","Sales"
222563,"Angelov","Radhakrishnan","Sales"
213730,"Angelov","Seongbin","Sales"
27814,"Angelov","Shigenori","Sales"
467296,"Angelov","Shuzo","Sales"
473113,"Angelov","Toshimitsu","Sales"
62434,"Angelov","Uta","Sales"
93623,"Angelov","Valdiodio","Sales"
238422,"Angelov","Vishv","Sales"
278101,"Angelov","Vitali","Sales"
27516,"Angelov","Yurij","Sales"
493318,"Angelov","Zhonghua","Sales"
99613,"Angelov","Ziyad","Sales"
272760,"Anger","Aiman","Sales"
210739,"Anger","Alper","Sales"
225819,"Anger","Arvind","Sales"
220315,"Anger","Bedrich","Sales"
221068,"Anger","Cheong","Sales"
461700,"Anger","Dekang","Sales"
420776,"Anger","Dhritiman","Sales"
232927,"Anger","Ebru","Sales"
55400,"Anger","Eckart","Sales"
447320,"Anger","Geoffrey","Sales"
68365,"Anger","Girolamo","Sales"
448538,"Anger","Gunilla","Sales"
67406,"Anger","Hidekazu","Sales"
291356,"Anger","Hironoby","Sales"
442277,"Anger","Koichi","Sales"
260602,"Anger","Kwangho","Sales"
22717,"Anger","Leif","Sales"
231851,"Anger","Lena","Sales"
24153,"Anger","Lidong","Sales"
478397,"Anger","Mary","Sales"
31425,"Anger","Mohammad","Sales"
24429,"Anger","Murthy","Sales"
459158,"Anger","Naftali","Sales"
235970,"Anger","Paris","Sales"
67136,"Anger","Sariel","Sales"
46777,"Anger","Shigehito","Sales"
58441,"Anger","Shmuel","Sales"
419821,"Anger","Stella","Sales"
475048,"Anger","Sumant","Sales"
215576,"Anger","Takushi","Sales"
449587,"Anger","Temple","Sales"
484981,"Anger","Toshiko","Sales"
495629,"Anger","Ute","Sales"
425220,"Anger","Xiadong","Sales"
406985,"Anger","Xiaobin","Sales"
80198,"Anger","Yefim","Sales"
81159,"Anger","Yishai","Sales"
496315,"Anger","Yuichiro","Sales"
425704,"Anger","Zhiguo","Sales"
458525,"Angiulli","Amstein","Sales"
427436,"Angiulli","Annemarie","Sales"
43608,"Angiulli","Anoosh","Sales"
26297,"Angiulli","Aria","Sales"
402644,"Angiulli","Gianluca","Sales"
48239,"Angiulli","Hongzue","Sales"
470949,"Angiulli","Jacopo","Sales"
423110,"Angiulli","Jaroslava","Sales"
217295,"Angiulli","Jouko","Sales"
267128,"Angiulli","Kaijung","Sales"
38523,"Angiulli","Karoline","Sales"
452028,"Angiulli","Khalid","Sales"
406319,"Angiulli","Khosrow","Sales"
96792,"Angiulli","Koldo","Sales"
271524,"Angiulli","Lubomir","Sales"
203171,"Angiulli","Marla","Sales"
499919,"Angiulli","Masako","Sales"
478525,"Angiulli","Miyeon","Sales"
454081,"Angiulli","Paddy","Sales"
231781,"Angiulli","Pantung","Sales"
75109,"Angiulli","Paraskevi","Sales"
70230,"Angiulli","Piyush","Sales"
438350,"Angiulli","Prodip","Sales"
285265,"Angiulli","Saniya","Sales"
233600,"Angiulli","Sergi","Sales"
274191,"Angiulli","Sibyl","Sales"
60270,"Angiulli","Souichi","Sales"
81941,"Angiulli","Yishai","Sales"
64403,"Angiulli","Yuichiro","Sales"
215436,"Angiulli","Yurii","Sales"
430002,"Angiulli","Yuuichi","Sales"
80665,"Angot","Angel","Sales"
271407,"Angot","Aram","Sales"
482109,"Angot","Arfst","Sales"
240878,"Angot","Atilio","Sales"
272318,"Angot","Carrsten","Sales"
11708,"Angot","Chenye","Sales"
35503,"Angot","Constantine","Sales"
262068,"Angot","Divine","Sales"
14937,"Angot","Duke","Sales"
214985,"Angot","Francoise","Sales"
442559,"Angot","Jaana","Sales"
76616,"Angot","Jaihie","Sales"
498583,"Angot","Juichirou","Sales"
73074,"Angot","Kwun","Sales"
466712,"Angot","Maik","Sales"
239520,"Angot","Mara","Sales"
12969,"Angot","Mohan","Sales"
63833,"Angot","Naftali","Sales"
469101,"Angot","Remmert","Sales"
491213,"Angot","Shaowei","Sales"
473998,"Angot","Shaunak","Sales"
49356,"Angot","Shem","Sales"
426435,"Angot","Subhankar","Sales"
215644,"Angot","Surveyors","Sales"
290835,"Angot","Susuma","Sales"
83567,"Angot","Toshimitsu","Sales"
461714,"Angot","Yoshimitsu","Sales"
422093,"Angot","Yucel","Sales"
263386,"Angot","Zhongwei","Sales"
227440,"Angot","Zine","Sales"
420353,"Angot","Ziyad","Sales"
489207,"Anguita","Aemilian","Sales"
215288,"Anguita","Aran","Sales"
421365,"Anguita","Baruch","Sales"
200029,"Anguita","Boutros","Sales"
461023,"Anguita","Foong","Sales"
202709,"Anguita","Gay","Sales"
421187,"Anguita","Greger","Sales"
406354,"Anguita","Halsur","Sales"
491254,"Anguita","Junsik","Sales"
434454,"Anguita","Kristinn","Sales"
75583,"Anguita","Kwangho","Sales"
432220,"Anguita","Laurentiu","Sales"
466319,"Anguita","Lucien","Sales"
47479,"Anguita","Mats","Sales"
413937,"Anguita","Pohua","Sales"
405602,"Anguita","Shao","Sales"
410255,"Anguita","Somnath","Sales"
80152,"Anguita","Suvo","Sales"
479171,"Anguita","Taisook","Sales"
81717,"Anguita","Toney","Sales"
34879,"Anguita","Tsutomu","Sales"
47023,"Anguita","Vishv","Sales"
86907,"Anguita","Weijing","Sales"
472414,"Anick","Aamod","Sales"
458126,"Anick","Adit","Sales"
489934,"Anick","Alois","Sales"
14575,"Anick","Aluzio","Sales"
464861,"Anick","Ashish","Sales"
267797,"Anick","Bernt","Sales"
52381,"Anick","Berry","Sales"
438505,"Anick","Bluma","Sales"
484473,"Anick","Boriana","Sales"
491794,"Anick","Chuanti","Sales"
78833,"Anick","Chuanyi","Sales"
284508,"Anick","Feiyu","Sales"
438944,"Anick","Florian","Sales"
469777,"Anick","Hatsukazu","Sales"
456195,"Anick","Hilary","Sales"
42763,"Anick","Hugo","Sales"
68584,"Anick","Jeanne","Sales"
291379,"Anick","Jianhua","Sales"
25469,"Anick","Jinya","Sales"
90558,"Anick","Kiam","Sales"
206879,"Anick","Kshitij","Sales"
482273,"Anick","Lunjin","Sales"
78285,"Anick","Marek","Sales"
416487,"Anick","Marsja","Sales"
97221,"Anick","Martina","Sales"
471995,"Anick","Nathalie","Sales"
39061,"Anick","Oscal","Sales"
268771,"Anick","Teruyuki","Sales"
292680,"Anick","Tran","Sales"
408573,"Anick","Vincent","Sales"
62371,"Anick","Vojin","Sales"
450079,"Anick","Woody","Sales"
406587,"Anick","Xuejia","Sales"
21594,"Anick","Zhilian","Sales"
480780,"Anido","Akemi","Sales"
460929,"Anido","Anyuan","Sales"
460417,"Anido","Baziley","Sales"
270856,"Anido","Claudi","Sales"
471973,"Anido","Divine","Sales"
287655,"Anido","Emdad","Sales"
18454,"Anido","Eric","Sales"
277672,"Anido","Fayez","Sales"
106835,"Anido","Flemming","Sales"
202336,"Anido","Guangming","Sales"
299927,"Anido","Hironobu","Sales"
222891,"Anido","Honglan","Sales"
434747,"Anido","Jacqueline","Sales"
59324,"Anido","Kazuhide","Sales"
490068,"Anido","Kwok","Sales"
297868,"Anido","Leif","Sales"
89337,"Anido","Luigi","Sales"
450231,"Anido","Minghong","Sales"
474323,"Anido","Mitchel","Sales"
454158,"Anido","Mokhtar","Sales"
280955,"Anido","Mona","Sales"
23594,"Anido","Mooi","Sales"
253600,"Anido","Nakhoon","Sales"
278217,"Anido","Neven","Sales"
63536,"Anido","Persi","Sales"
407231,"Anido","Stevo","Sales"
455427,"Anido","Ymte","Sales"
243282,"Anido","Zdislav","Sales"
85765,"Anido","Zhilian","Sales"
229520,"Anily","Anyuan","Sales"
34197,"Anily","Arif","Sales"
15601,"Anily","Carrsten","Sales"
242028,"Anily","Chiranjit","Sales"
99590,"Anily","Dhritiman","Sales"
209977,"Anily","Doowon","Sales"
93865,"Anily","Dzung","Sales"
469913,"Anily","Ebbe","Sales"
202874,"Anily","Feiyu","Sales"
48466,"Anily","Gian","Sales"
292282,"Anily","Golgen","Sales"
451515,"Anily","Goncalo","Sales"
461268,"Anily","Hisao","Sales"
86393,"Anily","KayLiang","Sales"
51165,"Anily","Kazuyasu","Sales"
207314,"Anily","Laurentiu","Sales"
18473,"Anily","Mabhin","Sales"
456837,"Anily","Magy","Sales"
403212,"Anily","Margareta","Sales"
56172,"Anily","Mariangiola","Sales"
56386,"Anily","Martijn","Sales"
69050,"Anily","Nidapan","Sales"
53285,"Anily","Pantung","Sales"
89381,"Anily","Paraskevi","Sales"
412492,"Anily","Pranas","Sales"
269079,"Anily","Roddy","Sales"
